Episode,Date,Artist,Song,Ref.
635,January 6,IU,"""You and I""",
636,January 13,IU,"""You and I""",
637,January 20,T-ara,"""Lovey-Dovey""",
638,January 27,T-ara,"""Lovey-Dovey""",
639,February 3,Teen Top,"""Going Crazy""",
640,February 10,T-ara,"""Lovey-Dovey""",
641,February 17,T-ara,"""Lovey-Dovey""",
642,February 24,Jay Park,"""Know Your Name""",
643,March 2,K.Will,"""I Need You""",
644,March 9,Big Bang,"""Blue""",
645,March 16,Big Bang,"""Blue""",
646,March 23,2AM,"""I Wonder If You Hurt Like Me""",
647,March 30,2AM,"""I Wonder If You Hurt Like Me""",
—,April 6,Shinee,"""Sherlock (Clue + Note)""",
648,April 13,Shinee,"""Sherlock (Clue + Note)""",
649,April 20,CNBLUE,"""Hey You""",
650,April 27,Sistar,"""Alone""",
651,May 4,Sistar,"""Alone""",
652,May 11,Girls' Generation-TTS,"""Twinkle""",
653,May 18,Girls' Generation-TTS,"""Twinkle""",
654,May 25,Girls' Generation-TTS,"""Twinkle""",
655,June 1,Infinite,"""The Chaser""",
656,June 8,G.NA,"""2HOT""",
657,June 15,Wonder Girls,"""Like This""",
658,June 22,f(x),"""Electric Shock""",
659,June 29,f(x),"""Electric Shock""",
—,July 6,Jo Kwon,"""I'm Da One (feat. Zion.T)""",
660,July 13,Sistar,"""Loving U""",
661,July 20,Super Junior,"""Sexy, Free & Single""",
662,July 27,Super Junior,"""Sexy, Free & Single""",
—,August 3,Sistar,"""Loving U""",[citation needed]
663,August 10,Beast,"""Beautiful Night""",
664,August 17,Psy,"""Gangnam Style""",
665,August 24,Psy,"""Gangnam Style""",
666,August 31,Psy,"""Gangnam Style""",[citation needed]
667,September 7,Kara,"""Pandora""",
668,September 14,Psy,"""Gangnam Style""",
669,September 21,Psy,"""Gangnam Style""",
670,September 28,Psy,"""Gangnam Style""",
671,October 5,Psy,"""Gangnam Style""",
672,October 12,Psy,"""Gangnam Style""",
673,October 19,Psy,"""Gangnam Style""",
674,October 26,Psy,"""Gangnam Style""",
675,November 2,Psy,"""Gangnam Style""",
676,November 9,Psy,"""Gangnam Style""",
677,November 16,Psy,"""Gangnam Style""",
678,November 23,Ailee,"""I Will Show You""",
679,November 30,Psy,"""Gangnam Style""",
680,December 7,Lee Seung-gi,"""Return""",
—,December 14,Yang Yo-seob,"""Caffeine""",[citation needed]
681,December 21,Psy,"""Gangnam Style""",
681,December 21,Yang Yo-seob,"""Caffeine""",
—,December 28,Psy,"""Gangnam Style""",[citation needed]
682,January 4,Psy,"""Gangnam Style""",—,
683,January 11,Girls' Generation,"""I Got a Boy""",—,
684,January 18,Girls' Generation,"""I Got a Boy""",—,
685,January 25,Girls' Generation,"""I Got a Boy""",—,
686,February 1,CNBLUE,"""I'm Sorry""",—,
687,February 8,CNBLUE,"""I'm Sorry""",—,
688,February 15,Sistar19,"""Gone Not Around Any Longer""",—,
689,February 22,Sistar19,"""Gone Not Around Any Longer""",—,
690,March 1,Sistar19,"""Gone Not Around Any Longer""",—,
691,March 8,Shinee,"""Dream Girl""",—,
692,March 15,Shinee,"""Dream Girl""",—,
693,March 22,2AM,"""One Spring Day""","13,869",
694,March 29,G.NA,"""Oops!""","7,020",
695,April 5,Infinite,"""Man In Love""","16,387",
696,April 12,Infinite,"""Man In Love""","10,846",
697,April 19,K.Will,"""Love Blossom""","13,217",
698,April 26,Psy,"""Gentleman""","15,768",
699,May 3,Cho Yong-pil,"""Bounce""","16,309",
—,May 10,Cho Yong-pil,"""Bounce""","12,778",
700,May 17,"700th Episode Special, no chart and winner","700th Episode Special, no chart and winner","700th Episode Special, no chart and winner",
701,May 24,2PM,"""Comeback When You Hear This Song""","13,037",
702,May 31,Shinhwa,"""This Love""","9,482",
703,June 7,Lee Hyori,"""Bad Girls""","10,085",
704,June 14,Exo,"""Wolf""","14,419",
—,June 21,Sistar,"""Give It To Me""","14,040",
705,June 28,Sistar,"""Give It To Me""","16,347",
706,July 5,Sistar,"""Give It To Me""","15,542",
707,July 12,Dynamic Duo,"""BAAAM""","14,499",
708,July 19,Apink,"""No No No""","10,342",
709,July 26,Ailee,"""U&I""","16,069",
710,August 2,Ailee,"""U&I""","13,835",
711,August 9,f(x),"""Rum Pum Pum Pum""","16,888",
712,August 16,Exo,"""Growl""","12,225",
713,August 23,Exo,"""Growl""","8,129",
714,August 30,Crayon Pop,"""Bar Bar Bar""","5,770",
715,September 6,Teen Top,"""Rocking""","6,824",
—,September 13,Kara,"""Damaged Lady""","6,350",
—,September 20,G-Dragon,"""Who You?""","6,441",
716,September 27,G-Dragon,"""Crooked""","6,493",
717,October 4,Busker Busker,"""Love, at first""","8,077",
718,October 11,Busker Busker,"""Love, at first""","7,098",
719,October 18,IU,"""The Red Shoes""","7,565",
720,October 25,Shinee,"""Everybody""","7,649",
—,November 1,K.Will,"""You Don't Know Love""","6,324",
721,November 8,Trouble Maker,"""Now""","6,273",
722,November 15,Trouble Maker,"""Now""","4,768",
723,November 22,Miss A,"""Hush""","5,722",
724,November 29,Lee Juck,"""Lie Lie Lie""","4,544",
725,December 6,VIXX,"""Voodoo Doll""","5,084",
726,December 13,Hyolyn,"""One Way Love""","5,399",
727,December 20,Exo,"""Miracles in December""","11,148",
—,December 27,No chart and winner,No chart and winner,No chart and winner,
728,January 3,IU,"""Friday""","4,927",
729,January 10,Rain,"""La Song""","4,722",
730,January 17,TVXQ,"""Something""","9,749",
731,January 24,B1A4,"""Lonely""","8,408",
—,January 31,B1A4,"""Lonely""","5,373",
732,February 7,TVXQ,"""Something""","4,839",
733,February 14,B.A.P,"""1004 (Angel)""","6,748",
734,February 21,Soyou & Junggigo,"""Some""","11011",
735,February 28,Soyou & Junggigo,"""Some""","9,202",
736,March 7,Soyou & Junggigo,"""Some""","7,451",
737,March 14,Girls' Generation,"""Mr.Mr.""","9,418",
738,March 21,Soyou & Junggigo,"""Some""","6,142",
739,March 28,CNBLUE,"""Can't Stop""","6,119",
740,April 4,Soyou & Junggigo,"""Some""","4,757",
741,April 11,Apink,"""Mr. Chu""","6,332",
—,April 18,No chart and winner,No chart and winner,No chart and winner,No chart and winner,No chart and winner,No chart and winner
—,April 25,No chart and winner,No chart and winner,No chart and winner,No chart and winner,No chart and winner,No chart and winner
—,May 2,No chart and winner,No chart and winner,No chart and winner,No chart and winner,No chart and winner,No chart and winner
—,May 9,No chart and winner,No chart and winner,No chart and winner,No chart and winner,No chart and winner,No chart and winner
—,May 16,No chart and winner,No chart and winner,No chart and winner,No chart and winner,No chart and winner,No chart and winner
—,May 23,No chart and winner,No chart and winner,No chart and winner,No chart and winner,No chart and winner,No chart and winner
—,May 30,Infinite,"""Last Romeo""","6,899",
—,June 6,Fly to the Sky,"""You You You""","6,002",
742,June 13,Infinite,"""Last Romeo""","6,286",
743,June 20,Taeyang,"""Eyes, Nose, Lips""","6,674",
744,June 27,Beast,"""Good Luck""","9,699",
745,July 4,Beast,"""Good Luck""","7,338",
746,July 11,Beast,"""Good Luck""","6,499",
747,July 18,f(x),"""Red Light""","6,542",
748,July 25,B1A4,"""Solo Day""","6,883",
749,August 1,Sistar,"""Touch My Body""","9,397",
750,August 8,Sistar,"""Touch My Body""","8,213",
751,August 15,Sistar,"""Touch My Body""","5,930",
752,August 22,Winner,"""Empty""","6,224",
753,August 29,Taemin,"""Danger""","6,180",
—,September 5,Sistar,"""I Swear""","4,880",
754,September 12,Super Junior,"""Mamacita""","6,318",
—,September 19,Super Junior,"""Mamacita""","7,232",
755,September 26,Teen Top,"""Missing""","6,751",
756,October 3,Girls' Generation-TTS,"""Holler""","6,430",
757,October 10,Ailee,"""Don't Touch Me""","6,601",
758,October 17,Kim Dong-ryul,"""How I Am""","6,863",
759,October 24,VIXX,"""Error""","5,939",
760,October 31,Beast,"""12:30""","8,229",
761,November 7,Beast,"""12:30""","7,261",
762,November 14,Beast,"""12:30""","3,875",
763,November 21,Kyuhyun,"""At Gwanghwamun""","5,359",
764,November 28,Toy,"""Three of Us""","6,778",
765,December 5,Apink,"""Luv""","8,599",
766,December 12,Apink,"""Luv""","8,021",
767,December 19,Apink,"""Luv""","6,006",
—,December 26,Apink,"""Luv""","4,960",
768,January 2,Exo,"""December, 2014 (The Winter's Tale)""","4,924",
769,January 9,EXID,"""Up & Down""","5,054",
770,January 16,EXID,"""Up & Down""","4,224",
771,January 23,Jonghyun,"""Déjà-Boo""","8,835",
772,January 30,Jung Yong-hwa,"""One Fine Day""","7,810",
773,February 6,Davichi,"""Cry Again""","5,748",
774,February 13,Jung Yong-hwa,"""One Fine Day""","5,799",
—,February 20,Naul,"""You From The Same Time""","6,541",
775,February 27,Niel,"""Lovekiller (Bad Girl)""","6,226",
776,March 6,VIXX,"""Love Equation""","8,963",
777,March 13,Shinhwa,"""Sniper (Target)""","7,614",
778,March 20,Super Junior-D&E,"""Growing Pains""","6,442",
779,March 27,Red Velvet,"""Ice Cream Cake""","5,156",
780,April 3,F.T. Island,"""Pray""","4,454",
781,April 10,Exo,"""Call Me Baby""","12,681",
782,April 17,Exo,"""Call Me Baby""","10,525",
783,April 24,Exo,"""Call Me Baby""","8,182",
784,May 1,Exo,"""Call Me Baby""","7,746",
785,May 8,BTS,"""I Need U""","5,973",
786,May 15,Big Bang,"""Loser""","8,999",
787,May 22,Big Bang,"""Loser""","6,277",
788,May 29,Shinee,"""View""","7,297",
789,June 5,Shinee,"""View""","8,272",
790,June 12,Exo,"""Love Me Right""","10,595",
791,June 19,Exo,"""Love Me Right""","8,084",
792,June 26,Baek A-yeon,"""Shouldn't Have""","5,907",
793,July 3,Sistar,"""Shake It""","8,180",
794,July 10,Sistar,"""Shake It""","7,762",
795,July 17,Girls' Generation,"""Party""","7,380",
796,July 24,Infinite,"""Bad""","6,770",
797,July 31,Apink,"""Remember""","6,645",
798,August 7,Beast,"""YeY""","9,299",
799,August 14,Shinee,"""Married to the Music""","6,636",
800,August 21,Big Bang,"""Let's Not Fall in Love""","6,755",
801,August 28,Girls' Generation,"""Lion Heart""","5,612",
802,September 4,Girls' Generation,"""Lion Heart""","9,280",
803,September 11,Girls' Generation,"""Lion Heart""","8,235",
804,September 18,Girls' Generation,"""Lion Heart""","6,382",
—,September 25,CNBLUE,"""Cinderella""","6,267",
805,October 2,CNBLUE,"""Cinderella""","5,793",
806,October 9,Im Chang-jung,"""Love Again""","8,113",
807,October 16,Taeyeon,"""I""","8,708",
808,October 23,Taeyeon,"""I""","8,382",
809,October 30,Taeyeon,"""I""","6,007",
810,November 6,f(x),"""4 Walls""","7,105",
811,November 13,f(x),"""4 Walls""","5,836",
812,November 20,VIXX,"""Chained Up""","6,659",
813,November 27,B.A.P,"""Young, Wild & Free""","5,574",
814,December 4,Lee Hong-gi,"""Insensible""","3,919",
815,December 11,BTS,"""Run""","7,799",
816,December 18,Exo,"""Sing for You""","8,372",
817,December 25,Exo,"""Sing for You""","7,607",
—,January 1,Exo,"""Sing for You""","4,893",
818,January 8,BTS,"""Run""","4,765",
819,January 15,Suzy & Baekhyun,"""Dream""","4,229",
820,January 22,Suzy & Baekhyun,"""Dream""","8,391",
821,January 29,Teen Top,"""Warning Sign""","7,128",
822,February 5,GFriend,"""Rough""","6,605",
823,February 12,GFriend,"""Rough""","6,823",
824,February 19,GFriend,"""Rough""","6,377",
825,February 26,GFriend,"""Rough""","6,215",
826,March 4,Taemin,"""Press Your Number""","6,229",
827,March 11,Mamamoo,"""You're the Best""","7,370",
828,March 18,Mamamoo,"""You're the Best""","5,537",
829,March 25,Red Velvet,"""One of These Nights""","6,427",
830,April 1,Got7,"""Fly""","6,967",
831,April 8,BtoB,"""Remember That (Spring Memories)""","6,140",
832,April 15,CNBLUE,"""You're So Fine""","5,763",
833,April 22,CNBLUE,"""You're So Fine""","4,974",
834,April 29,VIXX,"""Dynamite""","6,262",
835,May 6,Twice,"""Cheer Up""","8,079",
836,May 13,BTS,"""Fire""","8,869",
837,May 20,Twice,"""Cheer Up""","6,535",
838,May 27,Twice,"""Cheer Up""","6,350",
839,June 3,Twice,"""Cheer Up""","6,535",
840,June 10,Twice,"""Cheer Up""","5,734",
841,June 17,Exo,"""Monster""","11,570",
842,June 24,Exo,"""Monster""","10,188",
843,July 1,Exo,"""Monster""","7,837",
844,July 8,Taeyeon,"""Starlight""","8,425",
845,July 15,Beast,"""Ribbon""","6,539",
846,July 22,GFriend,"""Navillera""","6,851",
847,July 29,GFriend,"""Navillera""","6,648",
848,August 5,Wonder Girls,"""Why So Lonely""","6,284",
849,August 12,GFriend,"""Navillera""","6,499",
850,August 19,I.O.I,"""Whatta Man (Good Man)""","7,128",
851,August 26,Exo,"""Lotto""","8,574",
852,September 2,Exo,"""Lotto""","7,151",
853,September 9,Han Dong-geun,"""Making a New Ending for This Story""","6,421",
—,September 16,Im Chang-jung,"""The Love That I Committed""","9,813",
854,September 23,Im Chang-jung,"""The Love That I Committed""","10,315",
855,September 30,Infinite,"""The Eye""","9,129",
856,October 7,Got7,"""Hard Carry""","7,438",
857,October 14,Shinee,"""1 of 1""","7,100",
858,October 21,BTS,"""Blood Sweat & Tears""","10,985",
859,October 28,BTS,"""Blood Sweat & Tears""","8,384",
860,November 4,Twice,"""TT""","11,274",
861,November 11,Twice,"""TT""","8,127",
862,November 18,Twice,"""TT""","7,429",
863,November 25,Twice,"""TT""","7,580",
864,December 2,Twice,"""TT""","6,218",
865,December 9,B1A4,"""A Lie""","6,694",
866,December 16,Seventeen,"""Boom Boom""","7,252",
867,December 23,Big Bang,"""Last Dance""","4,720",
—,December 30,Exo,"""For Life""","8,142",
868,January 6,Twice,"""TT""","6,037",
869,January 13,Big Bang,"""Fxxk It""","7,067",
870,January 20,Big Bang,"""Fxxk It""","5,173",
—,January 27,Suzy,"""Pretend""","4,288",
871,February 3,Suzy,"""Pretend""","3,986",
872,February 10,Red Velvet,"""Rookie""","6,275",
873,February 17,Red Velvet,"""Rookie""","6,621",
874,February 24,BTS,"""Spring Day""","13,250",
875,March 3,Twice,"""Knock Knock""","12,175",
876,March 10,Taeyeon,"""Fine""","9,533",
—,March 17,Twice,"""Knock Knock""","6,014",
877,March 24,Got7,"""Never Ever""","8,695",
878,March 31,Highlight,"""Plz Don't Be Sad""","8,502",
879,April 7,Highlight,"""Plz Don't Be Sad""","6,204",
880,April 14,Highlight,"""Plz Don't Be Sad""","5,231",
881,April 21,Teen Top,"""Love Is""","6,189",
882,April 28,Laboum,"""Hwi Hwi""","4,546",
—,May 5,IU,"""Palette""","7,921",
883,May 12,Sechs Kies,"""Be Well""","8,031",
884,May 19,IU,"""Palette""","4,303",
885,May 26,Twice,"""Signal""","11,362",
886,June 2,Seventeen,"""Don't Wanna Cry""","9,627",
887,June 9,Twice,"""Signal""","6,430",
888,June 16,Twice,"""Signal""","6,501",
889,June 23,Hwang Chi-yeul,"""A Daily Song""","6,380",
890,June 30,G-Dragon,"""Untitled, 2014""","7,458",
891,July 7,Mamamoo,"""Yes I Am""","7,641",
892,July 14,Heize,"""You, Clouds, Rain""","7,174",
893,July 21,Red Velvet,"""Red Flavor""","9,383",
894,July 28,Exo,"""Ko Ko Bop""","12,181",
895,August 4,Exo,"""Ko Ko Bop""","12,103",
—,August 11,GFriend,"""Love Whisper""","7,486",
—,August 18,Wanna One,"""Energetic""","10,823",
896,August 25,Wanna One,"""Energetic""","11014",
897,September 1,Yoon Jong-shin,"""Like It""","7,420",
898,September 8,Yoon Jong-shin,"""Like It""","6,707",
899,September 15,Exo,"""Power""","9,914",
900,September 22,Exo,"""Power""","6,929",
901,September 29,BTS,"""DNA""","12,581",
—,October 6,BTS,"""DNA""","8,876",
902,October 13,BTS,"""DNA""","9,851",
903,October 20,NU'EST W,"""Where You At""","7,153",
904,October 27,BtoB,"""Missing You""","7,526",
905,November 3,Epik High,"""Love Story""","5,562",
906,November 10,Twice,"""Likey""","9,231",
907,November 17,Seventeen,"""Clap""","6,265",
908,November 24,Wanna One,"""Beautiful""","10,828",
909,December 1,Wanna One,"""Beautiful""","6,676",
910,December 8,Minseo,"""Yes""","4,873",
911,December 15,Naul,"""Emptiness In Memory""","5,241",
912,December 22,Twice,"""Heart Shaker""","6,880",
—,December 29,Twice,"""Heart Shaker""","5,592",
913,January 5,Exo,"""Universe""","10,371",
914,January 12,Exo,"""Universe""","6,324",
915,January 19,Infinite,"""Tell Me""","5,393",
916,January 26,JBJ,"""My Flower""","5,531",
917,February 2,Jonghyun,"""Shinin'""","5,560",
—,February 9,Red Velvet,"""Bad Boy""","5,962",
—,February 16,Seventeen,"""Thanks""","7,540",
918,February 23,Momoland,"""Bboom Bboom""","7,633",
919,March 2,iKon,"""Love Scenario""","6,056",
920,March 9,Kim Sung-kyu,"""True Love""","5,831",
—,March 16,Mamamoo,"""Starry Night""","6,015",
921,March 23,Got7,"""Look""","9,927",
922,March 30,Wanna One,"""Boomerang""","10,298",
923,April 6,Wanna One,"""Boomerang""","7,103",
924,April 13,Wanna One,"""Boomerang""","6,151",
925,April 20,Twice,"""What Is Love?""","9,335",
926,April 27,Twice,"""What Is Love?""","8,367",
927,May 4,Hwang Chi-yeul,"""Star, You (The Only Star)""","6,552",
928,May 11,GFriend,"""Time for the Moon Night""","8,690",
929,May 18,GFriend,"""Time for the Moon Night""","6,154",
930,May 25,BTS,"""Fake Love""","10,493",
931,June 1,BTS,"""Fake Love""","15,019",
932,June 8,BTS,"""Fake Love""","10,647",
933,June 15,Wanna One,"""Light""","11,260",
934,June 22,Wanna One,"""Light""","7,528",
935,June 29,Blackpink,"""Ddu-Du Ddu-Du""","10,095",
936,July 6,NU'EST W,"""Dejavu""","10,151",
937,July 13,Apink,"""I'm So Sick""","5,930",
938,July 20,Twice,"""Dance the Night Away""","11,347",
939,July 27,Seventeen,"""Oh My!""","11,345",
940,August 3,Twice,"""Dance the Night Away""","5,338",
941,August 10,Shaun,"""Way Back Home""","4,729",
942,August 17,Red Velvet,"""Power Up""","8,882",
943,August 24,Red Velvet,"""Power Up""","6,536",
944,August 31,BTS,"""Idol""","9,567",
945,September 7,BTS,"""Idol""","11,949",
946,September 14,BTS,"""Idol""","5,275",
947,September 21,Sunmi,"""Siren""","5,433",
948,September 28,Got7,"""Lullaby""","9,751",
949,October 5,Got7,"""Lullaby""","5,323",
950,October 12,iKon,"""Goodbye Road""","5,239",
951,October 19,IU,"""Bbibbi""","4,338",
952,October 26,NCT 127,"""Regular""","6,585",
953,November 2,Monsta X,"""Shoot Out""","7,067",
954,November 9,Exo,"""Tempo""","8,561",
955,November 16,Exo,"""Tempo""","9,417",
956,November 23,BtoB,"""Beautiful Pain""","6,680",
957,November 30,Wanna One,"""Spring Breeze""","11,509",
958,December 7,NU'EST W,"""Help Me""","6,686",
959,December 14,Got7,"""Miracle""","4,679",
960,December 21,Exo,"""Love Shot""","7,267",
—,December 28,Exo,"""Love Shot""","7,742",
961,January 4,Exo,"""Tempo""","9,055",
962,January 11,Winner,"""Millions""","3,382",
963,January 18,Chungha,"""Gotta Go""","4,824",
964,January 25,GFriend,"""Sunrise""","5,600",
965,February 1,Seventeen,"""Home""","9,466",
966,February 8,Seventeen,"""Home""","4,017",
967,February 15,Seventeen,"""Home""","5,249",
968,February 22,Taemin,"""Want""","7,141",
969,March 1,Monsta X,"""Alligator""","6,922",
970,March 8,Itzy,"""Dalla Dalla""","5,104",
971,March 15,Itzy,"""Dalla Dalla""","4,405",
972,March 22,Epik High,"""Love Drunk""","4,397",
973,March 29,Mamamoo,"""Gogobebe""","4,691",
974,April 5,Park Ji-hoon,"""L.O.V.E""","6,030",
975,April 12,Iz*One,"""Violeta""","7,238",
976,April 19,BTS,"""Boy with Luv""","11,231",
977,April 26,BTS,"""Boy with Luv""","13,007",
978,May 3,BTS,"""Boy with Luv""","7,397",
979,May 10,NU'EST,"""Bet Bet""","8,586",
980,May 17,BTS,"""Boy with Luv""","6,092",
981,May 24,BTS,"""Boy with Luv""","7,662",
982,May 31,Got7,"""Eclipse""","5,101",
—,June 7,NCT 127,"""Superhuman""","4,458",
983,June 14,BTS,"""Boy with Luv""","4,591",
984,June 21,BTS,"""Boy with Luv""","4,427",
985,June 28,Red Velvet,"""Zimzalabim""","4,868",
986,July 5,Chungha,"""Snapping""","5,592",
987,July 12,GFriend,"""Fever""","5,014",
988,July 19,Baekhyun,"""UN Village""","8,401",
989,July 26,Baekhyun,"""UN Village""","6,266",
990,August 2,Exo-SC,"""What a Life""","7,164",
991,August 9,Kang Daniel,"""What Are You Up To""","8,177",
992,August 16,Itzy,"""Icy""","4,440",
993,August 23,Itzy,"""Icy""","4,094",
994,August 30,Red Velvet,"""Umpah Umpah""","4,898",
995,September 6,X1,"""Flash""","9,021",
—,September 13,X1,"""Flash""","6,407",
996,September 20,Bolbbalgan4,"""Workaholic""","3,539",
997,September 27,Seventeen,"""Fear""","11,565",
998,October 4,Twice,"""Feel Special""","8,821",
999,October 11,Chen,"""Shall We?""","7,161",
"1000",October 18,AKMU,"""How Can I Love the Heartbreak, You're the One I Love""","5,190",
"1001",October 25,Super Junior,"""Super Clap""","8,514",
"1002",November 1,NU'EST,"""Love Me""","6,660",
"1003",November 8,Taeyeon,"""Spark""","6,104",
"1004",November 15,Got7,"""You Calling My Name""","5,937",
"1005",November 22,Mamamoo,"""Hip""","5,163",
"1006",November 29,IU,"""Love Poem""","8,329",
"1007",December 6,Exo,"""Obsession""","8,970",
"1008",December 13,Exo,"""Obsession""","5,716",
"1009",December 20,IU,"""Blueming""","4,527",
—,December 27,IU,"""Blueming""","4,116",
"1010",January 3,Red Velvet,"""Psycho""","7,465",
"1011",January 10,Red Velvet,"""Psycho""","6,649",
"1012",January 17,SF9,"""Good Guy""","5,185",
—,January 24,Red Velvet,"""Psycho""","4,594",
"1013",January 31,Zico,"""Any Song""","5,469",
"1014",February 7,Zico,"""Any Song""","4,490",
"1015",February 14,GFriend,"""Crossroads""","4,888",
"1016",February 21,Zico,"""Any Song""","4,006",
"1017",February 28,BTS,"""On""","9,785",
"1018",March 6,BTS,"""On""","11,957",
"1019",March 13,BTS,"""On""","9,188",
"1020",March 20,BTS,"""On""","5,696",
"1021",March 27,NCT 127,"""Kick It""","6,915",
"1022",April 3,Kang Daniel,"""2U""","6,826",
"1023",April 10,Suho,"""Let's Love""","8,177",
"1024",April 17,(G)I-dle,"""Oh My God""","5,831",
"1025",April 24,Apink,"""Dumhdurum""","5,600",
"1026",May 1,Got7,"""Not By The Moon""","7,308",
"1027",May 8,NCT Dream,"""Ridin'""","9,123",
"1028",May 15,Oh My Girl,"""Nonstop""","5,922",
"1029",May 22,NU'EST,"""I'm in Trouble""","9,167",
"1030",May 29,NCT 127,"""Punch""","5,474",
"1031",June 5,Baekhyun,"""Candy""","8,236",
"1032",June 12,Twice,"""More & More""","9,408",
"1033",June 19,Twice,"""More & More""","4,791",
"1034",June 26,Iz*One,"""Secret Story of the Swan""","7,890",
"1035",July 3,Seventeen,"""Left & Right""","11,579",
"1036",July 10,Blackpink,"""How You Like That""","4,981",
"1037",July 17,Red Velvet – Irene & Seulgi,"""Monster""","6,467",
"1038",July 24,Exo-SC,"""1 Billion Views""","6,431",
"1039",July 31,Blackpink,"""How You Like That""","6,146",
"1040",August 7,Hwasa,"""María""","3,889",
—,August 14,Kang Daniel,"""Who U Are""","6,248",
"1041",August 21,Hwasa,"""María""","3,498",
"1042",August 28,Itzy,"""Not Shy""","6,843",
"1043",September 4,BTS,"""Dynamite""","6,569",
"1044",September 11,BTS,"""Dynamite""","7,454",
"1045",September 18,BTS,"""Dynamite""","6,963",
"1046",September 25,BTS,"""Dynamite""","7,099",
—,October 2,BTS,"""Dynamite""","6,341",
"1047",October 9,BTS,"""Dynamite""","6,532",
"1048",October 16,Blackpink,"""Lovesick Girls""","11,562",
"1049",October 23,NCT U,"""Make A Wish (Birthday Song)""","7,876",
"1050",October 30,Seventeen,"""Home;Run""","10,171",
"1051",November 6,Twice,"""I Can't Stop Me""","5,420",
"1052",November 13,BTS,"""Dynamite""","4,371",
"1053",November 20,BTS,"""Dynamite""","4,505",
"1054",November 27,BTS,"""Dynamite""","11,636",
"1055",December 4,BTS,"""Dynamite""","10,014",
"1056",December 11,BTS,"""Dynamite""","4,250",
—,December 18,Iz*One,"""Panorama""","8,074",
—,December 25,BTS,"""Dynamite""","3,570",
—,January 1,BTS,"""Dynamite""","3,904",
"1057",January 8,BTS,"""Dynamite""","4,447",
"1058",January 15,NCT U,"""90's Love""","4,620",
"1059",January 22,(G)I-dle,"""Hwaa""","5,846",
"1060",January 29,U-Know Yunho,"""Thank U""","5,063",
"1061",February 5,IU,"""Celebrity""","4,558",
—,February 12,IU,"""Celebrity""","6,394",
"1062",February 19,Kim Woo Seok,"""Sugar""","5,851",
"1063",February 26,BTS,"""Dynamite""","9,812",
"1064",March 5,BTS,"""Dynamite""","4,990",
"1065",March 12,IU,"""Celebrity""","4,456",
"1066",March 19,Brave Girls,"""Rollin'""","5,379",
"1067",March 26,Rosé,"""On the Ground""","6,897",
"1068",April 2,IU,"""Celebrity""","8,140",
"1069",April 9,Baekhyun,"""Bambi""","8,009",
"1070",April 16,IU,"""Lilac""","5,763",
"1071",April 23,Kang Daniel,"""Antidote""","6,156",
"1072",April 30,NU'EST,"""Inside Out""","5,446",
"1073",May 7,Enhypen,"""Drunk-Dazed""","6,275",
"1074",May 14,Itzy,"""In the Morning""","6,156",
—,May 21,NCT Dream,"""Hot Sauce""","10,607",
"1075",May 28,NCT Dream,"""Hot Sauce""","9,083",
"1076",June 4,BTS,"""Butter""","6,326",
"1077",June 11,TXT,"""0X1=Lovesong (I Know I Love You)""","6,970",
"1078",June 18,Exo,"""Don't Fight the Feeling""","6,720",
"1079",June 25,Seventeen,"""Ready to Love""","7,640",
"1080",July 2,Seventeen,"""Ready to Love""","8,202",
"1081",July 9,NCT Dream,"""Hello Future""","8,184",
"1082",July 16,BTS,"""Butter""","11051",
"1083",July 23,BTS,"""Permission to Dance""","11,145",
—,July 30,BTS,"""Permission to Dance""","10,437",
—,August 6,D.O.,"""Rose""","6,546",
"1084",August 13,Astro,"""After Midnight""","4,988",
"1085",August 20,The Boyz,"""Thrill Ride""","7,810",
"1086",August 27,Red Velvet,"""Queendom""","5,982",
"1087",September 3,Stray Kids,"""Thunderous""","6,686",
"1088",September 10,Lee Mu-jin,"""Traffic Light""","3,631",
"1089",September 17,Lisa,"""Lalisa""","5,068",
"1090",September 24,NCT 127,"""Sticker""","4,784",
"1091",October 1,NCT 127,"""Sticker""","7,930",
"1092",October 8,Itzy,"""Loco""","6,033",
"1093",October 15,Aespa,"""Savage""","7,958",
"1094",October 22,Enhypen,"""Tamed-Dashed""","8,967",
"1095",October 29,Seventeen,"""Rock With You""","7,387",
"1096",November 5,Seventeen,"""Rock With You""","9,084",
"1097",November 12,The Boyz,"""Maverick""","5,302",
"1098",November 19,Twice,"""Scientist""","4,133",
"1099",November 26,Monsta X,"""Rush Hour""","4,057",
"1100",December 3,SF9,"""Trauma""","4,971",
"1101",December 10,Stray Kids,"""Christmas EveL""","4,620",
—,December 17,Ive,"""Eleven""","4,445",
—,December 24,NCT U,"""Universe (Let's Play Ball)""","7,584",
—,December 31,NCT U,"""Universe (Let's Play Ball)""","6,611",
"1102",January 7,NCT U,"""Universe""","5,930",
"1103",January 14,Kep1er,"""Wa Da Da""","3,678",
"1104",January 21,Enhypen,"""Blessed-Cursed""","8,377",
"1105",January 28,IU,"""Winter Sleep""","2,949",
"1106",February 4,Pentagon,"""Feelin' Like""","3,426",
—,February 11,Ive,"""Eleven""","3,058",
—,February 18,Ive,"""Eleven""","2,566",
"1107",February 25,Treasure,"""Jikjin""","4,520",
"1108",March 4,STAYC,"""Run2U""","6,821",
"1109",March 11,STAYC,"""Run2U""","4,719",
"1110",March 18,Kim Woo Seok,"""Switch""","6,016",
"1111",March 25,Stray Kids,"""Maniac""","10,596",
"1112",April 1,Red Velvet,"""Feel My Rhythm""","8,416",
"1113",April 8,NCT Dream,"""Giltch Mode""","10,718",
"1114",April 15,Ive,"""Love Dive""","12,095",
"1115",April 22,Ive,"""Love Dive""","7,324",
"1116",April 29,Ive,"""Love Dive""","6,959",
"1117",May 6,Monsta X,"""Love""","8,499",
"1118",May 13,Le Sserafim,"""Fearless""","7,881",
"1119",May 20,TXT,"""Good Boy Gone Bad""","12,610",
"1120",May 27,Astro,"""Candy Sugar Pop""","6,561",
"1121",June 3,Seventeen,"""Hot""","13,816",
"1122",June 10,NCT Dream,"""Beatbox""","11069",
"1123",June 17,BTS,"""Yet to Come""","6,692",
"1124",June 24,BTS,"""Yet to Come""","5,573",
"1125",July 1,Kep1er,"""Up!""","7,268",
"1126",July 8,Fromis 9,"""Stay This Way""","8,378",
"1127",July 15,Enhypen,"""Future Perfect (Pass the MIC)""","8,577",
"1128",July 22,Itzy,"""Sneakers""","10,427",
"1129",July 29,Seventeen,"""_World""","10,353",
"1130",August 5,Ateez,"""Guerrilla""","8,474",
"1131",August 12,Ateez,"""Guerrilla""","6,169",
"1132",August 19,NewJeans,"""Attention""","11150",
"1133",August 26,The Boyz,"""Whisper""","11097",
"1134",September 2,Ive,"""After Like""","12,174",
—,September 9,Ive,"""After Like""","11,406",
"1135",September 16,Oneus,"""Same Scent""","8,115",
"1136",September 23,Ive,"""After Like""","7,502",
"1137",September 30,NCT 127,"""2 Baddies""","9,309",
"1138",October 7,Ive,"""After Like""","6,966",
"1139",October 14,Stray Kids,"""Case 143""","11168",
"1140",October 21,Stray Kids,"""Case 143""","8,113",
"1141",October 28,(G)I-dle,"""Nxde""","12,541",
—,November 4,Le Sserafim,"""Antifragile""","8,786",
—,November 11,Le Sserafim,"""Antifragile""","6,137",
"1142",November 18,Highlight,"""Alone""","7,618",
